src	dst
LSI_ivtff.txt	data/corpus/LSI_ivtff.txt
eva_takahashi.txt	data/corpus/eva_takahashi.txt
body.json	data/corpus/body.json
body_spatial.json	data/corpus/body_spatial.json
corpus.json	data/corpus/corpus.json
page_features.json	data/corpus/page_features.json
english.txt	data/controls/english.txt
latin.txt	data/controls/latin.txt
hawaiian.txt	data/controls/hawaiian.txt
maori.txt	data/controls/maori.txt
finnish.txt	data/controls/finnish.txt
turkish.txt	data/controls/turkish.txt
hungarian.txt	data/controls/hungarian.txt
swahili.txt	data/controls/swahili.txt
maori_bible.xml	data/controls/maori_bible.xml
_mri_tatoeba.bz2	data/controls/_mri_tatoeba.bz2
grounding.json	data/grounding/grounding.json
plant_tags.json	data/grounding/plant_tags.json
cribs.json	data/grounding/cribs.json
verify_pairs.json	data/grounding/verify_pairs.json
collision_targets.json	data/grounding/collision_targets.json
z10_bindings.json	data/grounding/z10_bindings.json
_ground_payload.json	data/grounding/_ground_payload.json
_labels	data/grounding/_labels
iiif_urls.json	data/iiif/iiif_urls.json
iiif_canvases.json	data/iiif/iiif_canvases.json
cgm28_manifest.json	data/iiif/cgm28_manifest.json
cgm312_manifest.json	data/iiif/cgm312_manifest.json
csg0827_manifest.json	data/iiif/csg0827_manifest.json
_schurstab_manifest.json	data/iiif/_schurstab_manifest.json
_spectacle_rows.json	data/intermediate/_spectacle_rows.json
_automaton_control.json	data/intermediate/_automaton_control.json
_worklist.json	data/intermediate/_worklist.json
_audit_results.json	data/intermediate/_audit_results.json
_entropy_panel.json	data/intermediate/_entropy_panel.json
_sides.json	data/intermediate/_sides.json
_sides_full.json	data/intermediate/_sides_full.json
_order.npy	data/intermediate/_order.npy
_spec.npy	data/intermediate/_spec.npy
_labs.npy	data/intermediate/_labs.npy
Voynich_Manuscript.pdf	images/facsimile/Voynich_Manuscript.pdf
pdf_p205.jpeg	images/facsimile/pdf_p205.jpeg
pdf_p208.jpeg	images/facsimile/pdf_p208.jpeg
pdf_p204.jpeg	images/facsimile/pdf_p204.jpeg
pdf_p203.jpeg	images/facsimile/pdf_p203.jpeg
pdf_p202.jpeg	images/facsimile/pdf_p202.jpeg
pdf_p201.jpeg	images/facsimile/pdf_p201.jpeg
pdf_p206.jpeg	images/facsimile/pdf_p206.jpeg
raw_176.png	images/facsimile/raw_176.png
raw_016.png	images/facsimile/raw_016.png
raw_175.png	images/facsimile/raw_175.png
raw_000.png	images/facsimile/raw_000.png
raw_174.png	images/facsimile/raw_174.png
raw_204.png	images/facsimile/raw_204.png
raw_172.png	images/facsimile/raw_172.png
raw_072.png	images/facsimile/raw_072.png
raw_099.png	images/facsimile/raw_099.png
raw_108.png	images/facsimile/raw_108.png
raw_121.png	images/facsimile/raw_121.png
raw_123.png	images/facsimile/raw_123.png
raw_081.png	images/facsimile/raw_081.png
raw_119.png	images/facsimile/raw_119.png
raw_050.png	images/facsimile/raw_050.png
raw_093.png	images/facsimile/raw_093.png
raw_157.png	images/facsimile/raw_157.png
raw_026.png	images/facsimile/raw_026.png
page_093.png	images/facsimile/page_093.png
page_081.png	images/facsimile/page_081.png
page_099.png	images/facsimile/page_099.png
page_072.png	images/facsimile/page_072.png
page_204.png	images/facsimile/page_204.png
page_000.png	images/facsimile/page_000.png
cand_cgm28	images/comparanda/cand_cgm28
cand_clm13076	images/comparanda/cand_clm13076
cand_cpg291	images/comparanda/cand_cpg291
cand_ljs449	images/comparanda/cand_ljs449
cand_md2	images/comparanda/cand_md2
csg827	images/comparanda/csg827
cgm312_172_full.jpg	images/comparanda/cgm312_172_full.jpg
cgm312_00171.jpg	images/comparanda/cgm312_00171.jpg
cgm312_00172.jpg	images/comparanda/cgm312_00172.jpg
cgm312_00173.jpg	images/comparanda/cgm312_00173.jpg
cgm312_sco.jpg	images/comparanda/cgm312_sco.jpg
cgm312_sag.jpg	images/comparanda/cgm312_sag.jpg
SAG_compare.jpg	images/comparanda/SAG_compare.jpg
SAG_compare2.jpg	images/comparanda/SAG_compare2.jpg
plants_montage_2.png	images/derived/plants_montage_2.png
plants_montage_1.png	images/derived/plants_montage_1.png
plants_montage_0.png	images/derived/plants_montage_0.png
corner_map.png	images/derived/corner_map.png
collision_referents.png	images/derived/collision_referents.png
otoky_compare.png	images/derived/otoky_compare.png
f116v_L2.jpg	images/crops/f116v_L2.jpg
z72v1_word3.jpg	images/crops/z72v1_word3.jpg
iiif_78r.jpg	images/crops/iiif_78r.jpg
f116v_wide.jpg	images/crops/f116v_wide.jpg
m_mich.jpg	images/crops/m_mich.jpg
f66r_topline.jpg	images/crops/f66r_topline.jpg
bal_84v.jpg	images/crops/bal_84v.jpg
z72v1_word2.jpg	images/crops/z72v1_word2.jpg
f116v_L3.jpg	images/crops/f116v_L3.jpg
f116v_L1.jpg	images/crops/f116v_L1.jpg
z_75v_row.jpg	images/crops/z_75v_row.jpg
m_l4.jpg	images/crops/m_l4.jpg
m_l4b.jpg	images/crops/m_l4b.jpg
f71r_word.jpg	images/crops/f71r_word.jpg
z72r_Dword.jpg	images/crops/z72r_Dword.jpg
f116v_L4.jpg	images/crops/f116v_L4.jpg
m_l0.jpg	images/crops/m_l0.jpg
m_last.jpg	images/crops/m_last.jpg
bal_84r.jpg	images/crops/bal_84r.jpg
vis_f57v_full.jpg	images/crops/vis_f57v_full.jpg
vis_f66r_col.jpg	images/crops/vis_f66r_col.jpg
m_michL.jpg	images/crops/m_michL.jpg
f66r_bl.jpg	images/crops/f66r_bl.jpg
f116v_3lines.jpg	images/crops/f116v_3lines.jpg
z73r_center.jpg	images/crops/z73r_center.jpg
vis_f66r_full.jpg	images/crops/vis_f66r_full.jpg
z_78r_pools.jpg	images/crops/z_78r_pools.jpg
bal_76r.jpg	images/crops/bal_76r.jpg
bal_77v.jpg	images/crops/bal_77v.jpg
m_l3R.jpg	images/crops/m_l3R.jpg
vis_f57v_ring.jpg	images/crops/vis_f57v_ring.jpg
bal_82v.jpg	images/crops/bal_82v.jpg
f116v_top.jpg	images/crops/f116v_top.jpg
bal_83r.jpg	images/crops/bal_83r.jpg
pf_73v.jpg	images/crops/pf_73v.jpg
pf_72r.jpg	images/crops/pf_72r.jpg
z72v1_word.jpg	images/crops/z72v1_word.jpg
z72v0_word.jpg	images/crops/z72v0_word.jpg
f17r_line2.jpg	images/crops/f17r_line2.jpg
pf_72v.jpg	images/crops/pf_72v.jpg
pf_73r.jpg	images/crops/pf_73r.jpg
bal_83v.jpg	images/crops/bal_83v.jpg
bal_82r.jpg	images/crops/bal_82r.jpg
iiif_69r.jpg	images/crops/iiif_69r.jpg
f17r_lineR.jpg	images/crops/f17r_lineR.jpg
z72v_1_center.jpg	images/crops/z72v_1_center.jpg
bal_77r.jpg	images/crops/bal_77r.jpg
bal_76v.jpg	images/crops/bal_76v.jpg
z70v_abril2.jpg	images/crops/z70v_abril2.jpg
f116v_LAST.jpg	images/crops/f116v_LAST.jpg
bal_75v.jpg	images/crops/bal_75v.jpg
pf_1r.jpg	images/crops/pf_1r.jpg
z_77r_manifold.jpg	images/crops/z_77r_manifold.jpg
z72r_Dword2.jpg	images/crops/z72r_Dword2.jpg
m_six.jpg	images/crops/m_six.jpg
z72r_Bword.jpg	images/crops/z72r_Bword.jpg
f66r_leftcluster.jpg	images/crops/f66r_leftcluster.jpg
bal_80v.jpg	images/crops/bal_80v.jpg
bal_78r.jpg	images/crops/bal_78r.jpg
bal_79v.jpg	images/crops/bal_79v.jpg
z72r_D.jpg	images/crops/z72r_D.jpg
m_l3L.jpg	images/crops/m_l3L.jpg
z_78r_top.jpg	images/crops/z_78r_top.jpg
f17r_top.jpg	images/crops/f17r_top.jpg
z72r_A.jpg	images/crops/z72r_A.jpg
bal_79r.jpg	images/crops/bal_79r.jpg
bal_78v.jpg	images/crops/bal_78v.jpg
bal_80r.jpg	images/crops/bal_80r.jpg
z70v_center.jpg	images/crops/z70v_center.jpg
pf_70v.jpg	images/crops/pf_70v.jpg
f116v_MICH.jpg	images/crops/f116v_MICH.jpg
iiif_88r.jpg	images/crops/iiif_88r.jpg
f116v_SIX.jpg	images/crops/f116v_SIX.jpg
iiif_67r.jpg	images/crops/iiif_67r.jpg
z72r_B.jpg	images/crops/z72r_B.jpg
iiif_71r.jpg	images/crops/iiif_71r.jpg
z72r_C.jpg	images/crops/z72r_C.jpg
bal_75r.jpg	images/crops/bal_75r.jpg
z72r_Cword.jpg	images/crops/z72r_Cword.jpg
z70v_abrilword.jpg	images/crops/z70v_abrilword.jpg
m_word1.jpg	images/crops/m_word1.jpg
z73v_center.jpg	images/crops/z73v_center.jpg
f1r_rightcol.jpg	images/crops/f1r_rightcol.jpg
f71r_center.jpg	images/crops/f71r_center.jpg
z72v_0_center.jpg	images/crops/z72v_0_center.jpg
z72r_Aword.jpg	images/crops/z72r_Aword.jpg
f116v_block.jpg	images/crops/f116v_block.jpg
test116.jpg	images/crops/test116.jpg
f17r_line.jpg	images/crops/f17r_line.jpg
iiif_99v.jpg	images/crops/iiif_99v.jpg
z73r_word.jpg	images/crops/z73r_word.jpg
z_84v_tubes.jpg	images/crops/z_84v_tubes.jpg
z72r_Bword2.jpg	images/crops/z72r_Bword2.jpg
_schurstab_22v.jpg	images/crops/_schurstab_22v.jpg
z70v_p0.jpg	images/crops/z70v_p0.jpg
m_mich2.jpg	images/crops/m_mich2.jpg
m_michR.jpg	images/crops/m_michR.jpg
z70v_p1.jpg	images/crops/z70v_p1.jpg
z70v_marsword.jpg	images/crops/z70v_marsword.jpg
c88_row1.png	images/crops/c88_row1.png
f99v_band.png	images/crops/f99v_band.png
band_f99v.png	images/crops/band_f99v.png
cf1_top.png	images/crops/cf1_top.png
c88_midlabel.png	images/crops/c88_midlabel.png
band_f99r.png	images/crops/band_f99r.png
_l6_88r_mid.png	images/crops/_l6_88r_mid.png
scan_pharma.png	images/crops/scan_pharma.png
c71_nymph.png	images/crops/c71_nymph.png
scan_mid.png	images/crops/scan_mid.png
cf1_micro.png	images/crops/cf1_micro.png
cherb_split.png	images/crops/cherb_split.png
_l6_88r_top.png	images/crops/_l6_88r_top.png
_tmp_pg200.png	images/crops/_tmp_pg200.png
glyph_zoom.png	images/crops/glyph_zoom.png
cf1_leafcross.png	images/crops/cf1_leafcross.png
_tmp_pg10.png	images/crops/_tmp_pg10.png
_l6_bot75v.png	images/crops/_l6_bot75v.png
c71_outerarc.png	images/crops/c71_outerarc.png
_tmp_pg205.png	images/crops/_tmp_pg205.png
f99r_band.png	images/crops/f99r_band.png
crec_stars.png	images/crops/crec_stars.png
contact_sheet.png	images/crops/contact_sheet.png
c88_jar_text.png	images/crops/c88_jar_text.png
c88_toplabels.png	images/crops/c88_toplabels.png
c88_block2.png	images/crops/c88_block2.png
cbal_wrap.png	images/crops/cbal_wrap.png
otoky_zoom.png	images/crops/otoky_zoom.png
_l6_row75v.png	images/crops/_l6_row75v.png
vparse.py	analysis/01_structure/vparse.py
analyze.py	analysis/01_structure/analyze.py
implicit_morph.py	analysis/01_structure/implicit_morph.py
columns.py	analysis/01_structure/columns.py
entropy_panel.py	analysis/01_structure/entropy_panel.py
structure_gaps.py	analysis/01_structure/structure_gaps.py
structure_atlas.py	analysis/01_structure/structure_atlas.py
glue.py	analysis/01_structure/glue.py
hinges.py	analysis/01_structure/hinges.py
pivot.py	analysis/01_structure/pivot.py
register.py	analysis/01_structure/register.py
multimodal.py	analysis/01_structure/multimodal.py
stroke.py	analysis/01_structure/stroke.py
burst_tables.py	analysis/01_structure/burst_tables.py
collision.py	analysis/02_hypothesis_tests/collision.py
collision_signal.py	analysis/02_hypothesis_tests/collision_signal.py
crib.py	analysis/02_hypothesis_tests/crib.py
keyjoin.py	analysis/02_hypothesis_tests/keyjoin.py
index_test.py	analysis/02_hypothesis_tests/index_test.py
log_test.py	analysis/02_hypothesis_tests/log_test.py
music_test.py	analysis/02_hypothesis_tests/music_test.py
genealogy.py	analysis/02_hypothesis_tests/genealogy.py
roster_test.py	analysis/02_hypothesis_tests/roster_test.py
library_shadow.py	analysis/02_hypothesis_tests/library_shadow.py
zodiac_join.py	analysis/02_hypothesis_tests/zodiac_join.py
crossmodal.py	analysis/02_hypothesis_tests/crossmodal.py
quire_test.py	analysis/02_hypothesis_tests/quire_test.py
manifest.py	analysis/02_hypothesis_tests/manifest.py
null_and_morph.py	analysis/03_null_models/null_and_morph.py
genfit.py	analysis/03_null_models/genfit.py
residual.py	analysis/03_null_models/residual.py
topic_gen.py	analysis/03_null_models/topic_gen.py
automaton_control.py	analysis/03_null_models/automaton_control.py
herbal_control.py	analysis/03_null_models/herbal_control.py
decoder_trap.py	analysis/03_null_models/decoder_trap.py
unit_collapse.py	analysis/04_cipher/unit_collapse.py
cipher_gate.py	analysis/04_cipher/cipher_gate.py
verbose_cipher_null.py	analysis/04_cipher/verbose_cipher_null.py
position_lock.py	analysis/04_cipher/position_lock.py
cipher_attack.py	analysis/04_cipher/cipher_attack.py
contact.py	analysis/04_cipher/contact.py
l6_grounding.py	analysis/05_grounding/l6_grounding.py
z10_grounding.py	analysis/05_grounding/z10_grounding.py
z10_cross.py	analysis/05_grounding/z10_cross.py
page_vision.py	analysis/05_grounding/page_vision.py
ab_procedure.py	analysis/06_motive/ab_procedure.py
degradation.py	analysis/06_motive/degradation.py
resistance.py	analysis/06_motive/resistance.py
ring_column_compare.py	analysis/06_motive/ring_column_compare.py
hash_hypothesis.py	analysis/06_motive/hash_hypothesis.py
